Student ID,Student Name,Report Title,Report Description
22012,Ram Thapa,Poor Performance ,please study hard and improve your academics 
it is getting worse day by day
2201,Shyam,,Regarding Absentism,please come to college regular;ly your attendance is getting low 
01,ram thapa,exam ressult,good
04,Ayush das,Results Released,The results have been released you can go and check it in the results section
000000,xyz,xyz,efadesfadesfef
03,Alex ,Low attendance ,please increase your attendane
02,Aran Dhakal,Low Attendane,you have loew attendance please maintain it
04,Yaseen,Poor Attendance,Yaseen you need to maintain your attendace it is low
01,ram,Low attendance,please check your attendace it is low
06,csdjsi,LOW ATTENDANCE,pls manage attendace
fes,dasdfsaasddadsa,dsasfdfsda,asdsa
jhj,gsds,fsfdsfrfs,fsdfsd
