username,email,salt,password
"admin","admin@admin.com","PSd3Y+Plq6iwSWBJxXLM+g==","QF++p2BcBSKX4C//MQL9YqaxIGQ9ZdM9Axz2ntWLPOI="
"shyam","shyam@example.com","ub4dWKjO1NudSszD72LrKg==","Sf7bmb8V9a+aVKD5Nby6JVuAO7mZ4D5UPD9uZ8AVGuw="
"ram","ram@example.com","my6EbCkh/HTN8zay1mjK2A==","QglU5yTHgzH8lbEGDyrCXmLF8OLQxXTTH7zbKKrvxig="
"neeschal","neeschal@example.com","ccSoGRCchfxzVMrXM5nNfQ==","ylPCPW7xlO+Y+gI5bfUQSmY5GW/uhepJ4aVvxmwAyQw="
"aaditya","aaditya@example.com","jy/g8nUlGFvbOlN+o6E/gQ==","i2We/9SYLTTFgRS7RTvt+p+oS/UyNicIOi4AGAZ3bvw="
"aryan","aryan@example.com","FG/rkTfIJWn/CzX2a4u26A==","ilLT+Nhk84fyHGYGZ1wCcy8ipgYam0mRO8hcZyR8+IQ="
"xyz","xyx@xyz.com","IjyhhYfH6bCc6OJ/e696HA==","2b+/Y0ZAoY0iwUhNJI/L7i9o/Qs0QuyYECpf+YKucrk="
"abc","abc@abc.com","wbx18JOqom7aurZsx7NJHA==","0fEcHBgNkK6aP2aFW2EtB3FxDFTe/dUtDr8P+9n6B7c="
"yaseen","yaseen@example.com","DIEJGp9klLfz7eUis3vRkg==","32iUPXYPvRjkj7QJEyvpcmeNVyNdqXCMnaAGTl/Lv8o="
"123","123@gmail.com","xJHhNr2LqTtzCFe17lbHzw==","epAhRnh6vVX7IbeuwMJ6z6559RVSivKDy5ceyCR9trw="
